{
  "cases": {
    "senate_cluster": {
      "rdmde": {
        "N_l": 50,
        "N_r": 50,
        "Nh_l": 49,
        "Nh_r": 49,
        "Vl_rb": 1811.9865334473627,
        "Vr_rb": 1104.4816522250687,
        "alpha": 0.05,
        "beta": 0.8,
        "bias_l": 0.0009753994123102316,
        "bias_r": 0.000638688890506083,
        "mde": 3.5577978982924865,
        "mde_conv": null,
        "samph_l": 18.08428345767629,
        "samph_r": 18.08428345767629,
        "sampsi_l": 49,
        "sampsi_r": 49,
        "se_conv": null,
        "se_rbc": 12.699246956787993
      },
      "rdpower": {
        "N_l": 50,
        "N_r": 50,
        "Nh_l": 49,
        "Nh_r": 49,
        "Vl_rb": 1811.9865334473627,
        "Vr_rb": 1104.4816522250687,
        "alpha": 0.05,
        "bias_l": 0.0009753994123102316,
        "bias_r": 0.000638688890506083,
        "power_conv": null,
        "power_rbc": 0.975994857453426,
        "samph_l": 18.08428345767629,
        "samph_r": 18.08428345767629,
        "sampsi_l": 49,
        "sampsi_r": 49,
        "se_conv": null,
        "se_rbc": 1.2699246956787995,
        "tau": 5
      },
      "rdsampsi": {
        "N.l": 50,
        "N.r": 50,
        "Nh.l": 49,
        "Nh.r": 49,
        "alpha": 0.05,
        "beta": 0.8,
        "bias.l": 0.0009753994123102316,
        "bias.r": 0.000638688890506083,
        "init.cond": 1297,
        "no.iter": 23,
        "samph.l": 18.08428345767629,
        "samph.r": 18.08428345767629,
        "sampsi.h.l": 29.0,
        "sampsi.h.l.cl": null,
        "sampsi.h.r": 22.0,
        "sampsi.h.r.cl": null,
        "sampsi.h.tot": 51.0,
        "sampsi.h.tot.cl": null,
        "sampsi.tot": 51.0,
        "sampsi.tot.cl": null,
        "tau": 5,
        "var.l": 1811.9865334473627,
        "var.r": 1104.4816522250687
      }
    },
    "senate_covs": {
      "rdmde": {
        "N_l": 595,
        "N_r": 702,
        "Nh_l": 359,
        "Nh_r": 318,
        "Vl_rb": 42658.93180752751,
        "Vr_rb": 27094.949228973423,
        "alpha": 0.05,
        "beta": 0.8,
        "bias_l": 0.0010288309159511395,
        "bias_r": 0.0006066105390198824,
        "mde": 4.918911731308565,
        "mde_conv": null,
        "samph_l": 17.446043557321566,
        "samph_r": 17.446043557321566,
        "sampsi_l": 359,
        "sampsi_r": 318,
        "se_conv": null,
        "se_rbc": 63.231824319092546
      },
      "rdpower": {
        "N_l": 595,
        "N_r": 702,
        "Nh_l": 359,
        "Nh_r": 318,
        "Vl_rb": 42658.93180752751,
        "Vr_rb": 27094.949228973423,
        "alpha": 0.05,
        "bias_l": 0.0010288309159511395,
        "bias_r": 0.0006066105390198824,
        "power_conv": null,
        "power_rbc": 0.8126770983991233,
        "samph_l": 17.446043557321566,
        "samph_r": 17.446043557321566,
        "sampsi_l": 359,
        "sampsi_r": 318,
        "se_conv": null,
        "se_rbc": 1.7557623175984491,
        "tau": 5
      },
      "rdsampsi": {
        "N.l": 595,
        "N.r": 702,
        "Nh.l": 359,
        "Nh.r": 318,
        "alpha": 0.05,
        "beta": 0.8,
        "bias.l": 0.0010288309159511395,
        "bias.r": 0.0006066105390198824,
        "init.cond": 1297,
        "no.iter": 4,
        "samph.l": 17.446043557321566,
        "samph.r": 17.446043557321566,
        "sampsi.h.l": 368.0,
        "sampsi.h.l.cl": null,
        "sampsi.h.r": 293.0,
        "sampsi.h.r.cl": null,
        "sampsi.h.tot": 661.0,
        "sampsi.h.tot.cl": null,
        "sampsi.tot": 1256.0,
        "sampsi.tot.cl": null,
        "tau": 5,
        "var.l": 42658.93180752751,
        "var.r": 27094.949228973423
      }
    },
    "senate_default": {
      "rdmde": {
        "N_l": 595,
        "N_r": 702,
        "Nh_l": 360,
        "Nh_r": 323,
        "Vl_rb": 42807.93203066085,
        "Vr_rb": 27010.869066117088,
        "alpha": 0.05,
        "beta": 0.8,
        "bias_l": 0.0009338281980117334,
        "bias_r": 0.0006407887587500237,
        "mde": 4.878278210831539,
        "mde_conv": null,
        "samph_l": 17.754395590143446,
        "samph_r": 17.754395590143446,
        "sampsi_l": 360,
        "sampsi_r": 323,
        "se_conv": null,
        "se_rbc": 62.709486906140825
      },
      "rdpower": {
        "N_l": 595,
        "N_r": 702,
        "Nh_l": 360,
        "Nh_r": 323,
        "Vl_rb": 42807.93203066085,
        "Vr_rb": 27010.869066117088,
        "alpha": 0.05,
        "bias_l": 0.0009338281980117334,
        "bias_r": 0.0006407887587500237,
        "power_conv": null,
        "power_rbc": 0.8189905549293113,
        "samph_l": 17.754395590143446,
        "samph_r": 17.754395590143446,
        "sampsi_l": 360,
        "sampsi_r": 323,
        "se_conv": null,
        "se_rbc": 1.7412585395308662,
        "tau": 5
      },
      "rdsampsi": {
        "N.l": 595,
        "N.r": 702,
        "Nh.l": 360,
        "Nh.r": 323,
        "alpha": 0.05,
        "beta": 0.8,
        "bias.l": 0.0009338281980117334,
        "bias.r": 0.0006407887587500237,
        "init.cond": 1297,
        "no.iter": 4,
        "samph.l": 17.754395590143446,
        "samph.r": 17.754395590143446,
        "sampsi.h.l": 366.0,
        "sampsi.h.l.cl": null,
        "sampsi.h.r": 291.0,
        "sampsi.h.r.cl": null,
        "sampsi.h.tot": 657.0,
        "sampsi.h.tot.cl": null,
        "sampsi.tot": 1235.0,
        "sampsi.tot.cl": null,
        "tau": 5,
        "var.l": 42807.93203066085,
        "var.r": 27010.869066117088
      }
    },
    "senate_fixed_bandwidth": {
      "rdmde": {
        "N_l": 595,
        "N_r": 702,
        "Nh_l": 279,
        "Nh_r": 256,
        "Vl_rb": 42807.93203066085,
        "Vr_rb": 27010.869066117088,
        "alpha": 0.05,
        "beta": 0.75,
        "bias_l": 0.0009338281980117334,
        "bias_r": 0.0006407887587500237,
        "mde": 5.496101892173584,
        "mde_conv": null,
        "samph_l": 12,
        "samph_r": 13,
        "sampsi_l": 279,
        "sampsi_r": 256,
        "se_conv": null,
        "se_rbc": 75.1337928508459
      },
      "rdpower": {
        "N_l": 595,
        "N_r": 702,
        "Nh_l": 332,
        "Nh_r": 325,
        "Vl_rb": 53802.659196021224,
        "Vr_rb": 32548.11958755093,
        "alpha": 0.05,
        "bias_l": 0.004715920183974487,
        "bias_r": 0.0006799561103489125,
        "power_conv": 0.9897521298131466,
        "power_rbc": 0.7068409160754787,
        "samph_l": 16,
        "samph_r": 18,
        "sampsi_l": 332,
        "sampsi_r": 325,
        "se_conv": 1.5027858274567611,
        "se_rbc": 1.9967002589848213,
        "tau": 5
      },
      "rdsampsi": {
        "N.l": 595,
        "N.r": 702,
        "Nh.l": 365,
        "Nh.r": 338,
        "alpha": 0.05,
        "beta": 0.9,
        "bias.l": 0.0009338281980117334,
        "bias.r": 0.0006407887587500237,
        "init.cond": 1297,
        "no.iter": 5,
        "samph.l": 18,
        "samph.r": 19,
        "sampsi.h.l": 432.0,
        "sampsi.h.l.cl": 247.0,
        "sampsi.h.r": 432.0,
        "sampsi.h.r.cl": 247.0,
        "sampsi.h.tot": 864.0,
        "sampsi.h.tot.cl": 494.0,
        "sampsi.tot": 1598.0,
        "sampsi.tot.cl": 914.0,
        "tau": 5,
        "var.l": 42807.93203066085,
        "var.r": 27010.869066117088
      }
    }
  },
  "environment": {
    "numpy": "2.4.4",
    "pandas": "3.0.3",
    "platform": "Windows-11-10.0.26100-SP0",
    "python": "3.14.5 (tags/v3.14.5:5607950, May 10 2026, 10:43:50) [MSC v.1944 64 bit (AMD64)]",
    "rdrobust": "2.0.0",
    "rdrobust_source": "C:\\Users\\cattaneo\\Dropbox\\software\\rdpackages\\rdrobust\\Python\\rdrobust\\src"
  },
  "language": "python",
  "package": "rdpower",
  "schema_version": 1,
  "source": "working-tree",
  "timestamp_utc": "2026-05-15T15:03:09.867774+00:00"
}
