{
  "schema_version": 1,
  "package": "rdpower",
  "language": "stata",
  "source": "working-tree",
  "timestamp_utc": null,
  "environment": {"stata_version": "18", "platform": "Windows"}, 
  "cases": {
    "senate_default": {
      "rdpower": {
        "power_rbc":   8.1899060961098480e-01,
        "se_rbc":   1.7412584136048030e+00,
        "sampsi_l":   3.6000000000000000e+02,
        "sampsi_r":   3.2300000000000000e+02,
        "samph_l":   1.7754397302573960e+01,
        "samph_r":   1.7754397302573960e+01,
        "N_l":   5.9500000000000000e+02,
        "N_r":   7.0200000000000000e+02,
        "Nh_l":   3.6000000000000000e+02,
        "Nh_r":   3.2300000000000000e+02,
        "tau":   5.0000000000000000e+00,
        "bias_l":   9.3382801020149995e-04,
        "bias_r":   6.4078802678170000e-04,
        "Vl_rb":   4.2807930794438369e+04,
        "Vr_rb":   2.7010866937986619e+04,
        "alpha":   5.0000000000000003e-02
      }
    }
,    "senate_default_sampsi": {
      "rdsampsi": {
        "sampsi.h.tot":   6.5700000000000000e+02,
        "sampsi.h.l":   3.6600000000000000e+02,
        "sampsi.h.r":   2.9100000000000000e+02,
        "sampsi.tot":   1.2350000000000000e+03,
        "N.l":   5.9500000000000000e+02,
        "N.r":   7.0200000000000000e+02,
        "Nh.l":   3.6000000000000000e+02,
        "Nh.r":   3.2300000000000000e+02,
        "bias.l":   9.3382801020149995e-04,
        "bias.r":   6.4078802678170000e-04,
        "var.l":   4.2807930794438369e+04,
        "var.r":   2.7010866937986619e+04,
        "samph.l":   1.7754397302573960e+01,
        "samph.r":   1.7754397302573960e+01,
        "tau":   5.0000000000000000e+00,
        "beta":   8.0000000000000004e-01,
        "alpha":   5.0000000000000003e-02,
        "init.cond":   1.2970000000000000e+03,
        "no.iter":   8.0000000000000000e+00
      }
    }
,    "senate_default_mde": {
      "rdmde": {
        "mde":   4.8782778580393744e+00,
        "se_rbc":   6.2709482371053923e+01,
        "sampsi_l":   3.6000000000000000e+02,
        "sampsi_r":   3.2300000000000000e+02,
        "samph_l":   1.7754397302573960e+01,
        "samph_r":   1.7754397302573960e+01,
        "N_l":   5.9500000000000000e+02,
        "N_r":   7.0200000000000000e+02,
        "Nh_l":   3.6000000000000000e+02,
        "Nh_r":   3.2300000000000000e+02,
        "bias_l":   9.3382801020149995e-04,
        "bias_r":   6.4078802678170000e-04,
        "Vl_rb":   4.2807930794438369e+04,
        "Vr_rb":   2.7010866937986619e+04,
        "alpha":   5.0000000000000003e-02,
        "beta":   8.0000000000000004e-01
      }
    }
,    "senate_covs": {
      "rdpower": {
        "power_rbc":   8.1267713877130809e-01,
        "se_rbc":   1.7557622250661069e+00,
        "sampsi_l":   3.5900000000000000e+02,
        "sampsi_r":   3.1800000000000000e+02,
        "samph_l":   1.7446043899078571e+01,
        "samph_r":   1.7446043899078571e+01,
        "N_l":   5.9500000000000000e+02,
        "N_r":   7.0200000000000000e+02,
        "Nh_l":   3.5900000000000000e+02,
        "Nh_r":   3.1800000000000000e+02,
        "tau":   5.0000000000000000e+00,
        "bias_l":   1.0288310063437001e-03,
        "bias_r":   6.0660969802629999e-04,
        "Vl_rb":   4.2658929434466248e+04,
        "Vr_rb":   2.7094945616118839e+04,
        "alpha":   5.0000000000000003e-02
      }
    }
,    "senate_covs_sampsi": {
      "rdsampsi": {
        "sampsi.h.tot":   6.6100000000000000e+02,
        "sampsi.h.l":   3.6800000000000000e+02,
        "sampsi.h.r":   2.9300000000000000e+02,
        "sampsi.tot":   1.2560000000000000e+03,
        "N.l":   5.9500000000000000e+02,
        "N.r":   7.0200000000000000e+02,
        "Nh.l":   3.5900000000000000e+02,
        "Nh.r":   3.1800000000000000e+02,
        "bias.l":   1.0288310063437001e-03,
        "bias.r":   6.0660969802629999e-04,
        "var.l":   4.2658929434466248e+04,
        "var.r":   2.7094945616118839e+04,
        "samph.l":   1.7446043899078571e+01,
        "samph.r":   1.7446043899078571e+01,
        "tau":   5.0000000000000000e+00,
        "beta":   8.0000000000000004e-01,
        "alpha":   5.0000000000000003e-02,
        "init.cond":   1.2970000000000000e+03,
        "no.iter":   8.0000000000000000e+00
      }
    }
,    "senate_covs_mde": {
      "rdmde": {
        "mde":   4.9189114720716409e+00,
        "se_rbc":   6.3231820986643307e+01,
        "sampsi_l":   3.5900000000000000e+02,
        "sampsi_r":   3.1800000000000000e+02,
        "samph_l":   1.7446043899078571e+01,
        "samph_r":   1.7446043899078571e+01,
        "N_l":   5.9500000000000000e+02,
        "N_r":   7.0200000000000000e+02,
        "Nh_l":   3.5900000000000000e+02,
        "Nh_r":   3.1800000000000000e+02,
        "bias_l":   1.0288310063437001e-03,
        "bias_r":   6.0660969802629999e-04,
        "Vl_rb":   4.2658929434466248e+04,
        "Vr_rb":   2.7094945616118839e+04,
        "alpha":   5.0000000000000003e-02,
        "beta":   8.0000000000000004e-01
      }
    }
,    "senate_fixed_bandwidth": {
      "rdpower": {
        "power_rbc":   7.0684095725853691e-01,
        "se_rbc":   1.9967001635318979e+00,
        "power_conv":   9.8975212021088810e-01,
        "se_conv":   1.5027857843392010e+00,
        "sampsi_l":   3.3200000000000000e+02,
        "sampsi_r":   3.2500000000000000e+02,
        "samph_l":   1.6000000000000000e+01,
        "samph_r":   1.8000000000000000e+01,
        "N_l":   5.9500000000000000e+02,
        "N_r":   7.0200000000000000e+02,
        "Nh_l":   3.3200000000000000e+02,
        "Nh_r":   3.2500000000000000e+02,
        "tau":   5.0000000000000000e+00,
        "bias_l":   4.7159184061880003e-03,
        "bias_r":   6.7995531008209996e-04,
        "Vl_rb":   5.3802658500090998e+04,
        "Vr_rb":   3.2548111471403401e+04,
        "alpha":   5.0000000000000003e-02
      }
    }
,    "senate_fixed_bandwidth_sampsi": {
      "rdsampsi": {
        "sampsi.h.tot":   8.6400000000000000e+02,
        "sampsi.h.l":   4.3200000000000000e+02,
        "sampsi.h.r":   4.3200000000000000e+02,
        "sampsi.tot":   1.5980000000000000e+03,
        "sampsi.h.tot.cl":   4.9400000000000000e+02,
        "sampsi.h.l.cl":   2.4700000000000000e+02,
        "sampsi.h.r.cl":   2.4700000000000000e+02,
        "sampsi.tot.cl":   9.1400000000000000e+02,
        "N.l":   5.9500000000000000e+02,
        "N.r":   7.0200000000000000e+02,
        "Nh.l":   3.6500000000000000e+02,
        "Nh.r":   3.3800000000000000e+02,
        "bias.l":   9.3382801020149995e-04,
        "bias.r":   6.4078802678170000e-04,
        "var.l":   4.2807930794438369e+04,
        "var.r":   2.7010866937986619e+04,
        "samph.l":   1.8000000000000000e+01,
        "samph.r":   1.9000000000000000e+01,
        "tau":   5.0000000000000000e+00,
        "beta":   9.0000000000000002e-01,
        "alpha":   5.0000000000000003e-02,
        "init.cond":   1.2970000000000000e+03,
        "no.iter":   7.0000000000000000e+00
      }
    }
,    "senate_fixed_bandwidth_mde": {
      "rdmde": {
        "mde":   5.4961017623327857e+00,
        "se_rbc":   7.5133791075873035e+01,
        "sampsi_l":   2.7900000000000000e+02,
        "sampsi_r":   2.5600000000000000e+02,
        "samph_l":   1.2000000000000000e+01,
        "samph_r":   1.3000000000000000e+01,
        "N_l":   5.9500000000000000e+02,
        "N_r":   7.0200000000000000e+02,
        "Nh_l":   2.7900000000000000e+02,
        "Nh_r":   2.5600000000000000e+02,
        "bias_l":   9.3382801020149995e-04,
        "bias_r":   6.4078802678170000e-04,
        "Vl_rb":   4.2807930794438369e+04,
        "Vr_rb":   2.7010866937986619e+04,
        "alpha":   5.0000000000000003e-02,
        "beta":   7.5000000000000000e-01
      }
    }
,    "senate_cluster": {
      "rdpower": {
        "power_rbc":   9.7599487444789990e-01,
        "se_rbc":   1.2699245986393750e+00,
        "sampsi_l":   4.9000000000000000e+01,
        "sampsi_r":   4.9000000000000000e+01,